keyword,search_volume,competition
best digital marketing strategies,3600,0.82
digital marketing for small business,8100,0.73
social media marketing tips,6600,0.65
content marketing examples,2900,0.56
email marketing software comparison,1900,0.91
seo ranking factors 2023,9200,0.88
how to create a content calendar,3300,0.42
instagram marketing strategy,5400,0.77
facebook ads tutorial,7200,0.81
google ads optimization tips,2700,0.85
social media management tools,4100,0.79
content marketing roi measurement,1800,0.68
email subject line best practices,2400,0.52
seo for ecommerce websites,3900,0.82
pinterest marketing guide,1500,0.59
twitter ads best practices,2200,0.72
linkedin marketing for b2b,3800,0.84
youtube seo optimization,4700,0.76
tiktok marketing strategy,6300,0.64
affiliate marketing beginners guide,4900,0.71
influencer marketing platforms,3200,0.83
video marketing statistics,2100,0.61
mobile marketing strategies,2800,0.74
local seo checklist,3700,0.78
voice search optimization,2300,0.69
marketing automation tools,4200,0.86
chatbot marketing examples,1600,0.58
conversion rate optimization techniques,2500,0.81
web analytics tools comparison,1700,0.77
lead generation strategies,4800,0.84
retargeting ad campaigns,2600,0.79
email newsletter examples,2000,0.63
online reputation management,3100,0.82
social media content ideas,4300,0.57
ppc campaign structure,1900,0.88
content distribution channels,2200,0.67
marketing kpis to track,2700,0.76
customer journey mapping,3500,0.71
marketing trends 2023,7800,0.69
digital marketing certifications,3000,0.58
video marketing strategy template,2400,0.66
google analytics setup guide,3400,0.73
facebook pixel installation,2800,0.75
email list building strategies,3200,0.62
seo audit checklist,4600,0.81
google my business optimization,3600,0.77
content writing tips,4000,0.64
marketing funnel examples,2500,0.78
instagram hashtag strategy,3300,0.61
facebook group marketing,2900,0.68
podcast marketing strategies,2200,0.73
webinar marketing guide,1800,0.75
brand style guide examples,2000,0.59
social media crisis management,1700,0.72
customer persona template,2600,0.63
competitor analysis framework,2300,0.79
content repurposing strategy,2100,0.67
marketing plan template,4500,0.74
lead magnet ideas,3800,0.65
email automation workflow,2700,0.82
social media calendar template,3400,0.61
seo competitor analysis,3900,0.84
instagram story ideas for business,2800,0.58
facebook ad examples,3100,0.71
youtube thumbnail optimization,2400,0.69
keyword research tools,5100,0.86
social listening tools,2000,0.78
content marketing strategy guide,3600,0.81
customer retention strategies,2900,0.77
seo friendly blog posts,3200,0.72
email design inspiration,1800,0.62
facebook ads cost calculator,2300,0.81
instagram reels for business,4200,0.63
google search console tips,2500,0.78
user generated content examples,2100,0.64
marketing case studies,2700,0.76
landing page optimization,3300,0.85
social media metrics to track,2800,0.74
influencer outreach templates,1700,0.68
b2b content marketing examples,2200,0.82
email marketing benchmarks,2600,0.73
local seo guide,3100,0.79
instagram growth strategies,3700,0.67
seo trends 2023,4800,0.88
social media engagement tactics,2300,0.66
content marketing tools,4100,0.81
email segmentation strategies,2000,0.78
google business profile optimization,2700,0.76
video production tips,2400,0.64
marketing budget templates,1900,0.71
remarketing strategy guide,2200,0.81
website seo audit,3800,0.84
instagram analytics guide,2500,0.73
social media algorithm updates,2900,0.77
email deliverability tips,1800,0.82
lead scoring models,2100,0.79
content strategy framework,3200,0.76
digital pr strategies,2300,0.75
marketing analytics dashboards,2600,0.82
social media posting times,3500,0.68
keyword ranking tracking,2800,0.84
newsletter signup strategies,2000,0.71
blog content ideas,3900,0.63
